   Registrar,Ascio Technologies, Inc. Danmark - Filial af Ascio technologies, Inc. USA
Registrar,Ascio Technologies, Inc
Registry Registrant ID,Not Disclosed
Registrant Name,Not Disclosed
Registrant Organization,Not Disclosed
Registrant Street,Not Disclosed 
Registrant City,Not Disclosed
Registrant State/Province,DK
Registrant Postal Code,Not Disclosed
Registrant Country,DK
Registrant Phone,Not Disclosed
Registrant Phone Ext,Not Disclosed
Registrant Fax,Not Disclosed
Registrant Fax Ext,Not Disclosed
Registrant Email,https
Registry Admin ID,Not Disclosed
Admin Name,Not Disclosed
Admin Organization,Not Disclosed
Admin Street,Not Disclosed 
Admin City,Not Disclosed
Admin State/Province,Not Disclosed
Admin Postal Code,Not Disclosed
Admin Country,Not Disclosed
Admin Phone,Not Disclosed
Admin Phone Ext,Not Disclosed
Admin Fax,Not Disclosed
Admin Fax Ext,Not Disclosed
Admin Email,Not Disclosed
Registry Tech ID,Not Disclosed
Tech Name,Not Disclosed
Tech Organization,Not Disclosed
Tech Street,Not Disclosed 
Tech City,Not Disclosed
Tech State/Province,Not Disclosed
Tech Postal Code,Not Disclosed
Tech Country,Not Disclosed
Tech Phone,Not Disclosed
Tech Phone Ext,Not Disclosed
Tech Fax,Not Disclosed
Tech Fax Ext,Not Disclosed
Tech Email,Not Disclosed
The data in Ascio Technologies' WHOIS database is provided ,
by Ascio Technologies for information purposes only. By submitting ,
Ascio Technologies reserves the right to modify these terms at any time.,
Ascio Technologies cannot guarantee the accuracy of the data provided.,
By accessing and using Ascio Technologies WHOIS service, you agree to these terms.,
